test 0 iteration
insert into t0 values (0, 'tuple 0')
Insert OK, 1 row affected
insert into t0 values (1, 'tuple 1')
Insert OK, 1 row affected
insert into t0 values (2, 'tuple 2')
Insert OK, 1 row affected
insert into t0 values (3, 'tuple 3')
Insert OK, 1 row affected
insert into t0 values (4, 'tuple 4')
Insert OK, 1 row affected
insert into t0 values (5, 'tuple 5')
Insert OK, 1 row affected
insert into t0 values (6, 'tuple 6')
Insert OK, 1 row affected
insert into t0 values (7, 'tuple 7')
Insert OK, 1 row affected
insert into t0 values (8, 'tuple 8')
Insert OK, 1 row affected
insert into t0 values (9, 'tuple 9')
Insert OK, 1 row affected
select * from t0 where k0 = 0
Found 1 tuple:
[0, 'tuple 0']
select * from t0 where k0 = 1
Found 1 tuple:
[1, 'tuple 1']
select * from t0 where k0 = 2
Found 1 tuple:
[2, 'tuple 2']
select * from t0 where k0 = 3
Found 1 tuple:
[3, 'tuple 3']
select * from t0 where k0 = 4
Found 1 tuple:
[4, 'tuple 4']
select * from t0 where k0 = 5
Found 1 tuple:
[5, 'tuple 5']
select * from t0 where k0 = 6
Found 1 tuple:
[6, 'tuple 6']
select * from t0 where k0 = 7
Found 1 tuple:
[7, 'tuple 7']
select * from t0 where k0 = 8
Found 1 tuple:
[8, 'tuple 8']
select * from t0 where k0 = 9
Found 1 tuple:
[9, 'tuple 9']
swap servers
reload configuration
---
ok
...
reload configuration
---
ok
...
insert into t0 values (10, 'tuple 10')
Insert OK, 1 row affected
insert into t0 values (11, 'tuple 11')
Insert OK, 1 row affected
insert into t0 values (12, 'tuple 12')
Insert OK, 1 row affected
insert into t0 values (13, 'tuple 13')
Insert OK, 1 row affected
insert into t0 values (14, 'tuple 14')
Insert OK, 1 row affected
insert into t0 values (15, 'tuple 15')
Insert OK, 1 row affected
insert into t0 values (16, 'tuple 16')
Insert OK, 1 row affected
insert into t0 values (17, 'tuple 17')
Insert OK, 1 row affected
insert into t0 values (18, 'tuple 18')
Insert OK, 1 row affected
insert into t0 values (19, 'tuple 19')
Insert OK, 1 row affected
select * from t0 where k0 = 10
Found 1 tuple:
[10, 'tuple 10']
select * from t0 where k0 = 11
Found 1 tuple:
[11, 'tuple 11']
select * from t0 where k0 = 12
Found 1 tuple:
[12, 'tuple 12']
select * from t0 where k0 = 13
Found 1 tuple:
[13, 'tuple 13']
select * from t0 where k0 = 14
Found 1 tuple:
[14, 'tuple 14']
select * from t0 where k0 = 15
Found 1 tuple:
[15, 'tuple 15']
select * from t0 where k0 = 16
Found 1 tuple:
[16, 'tuple 16']
select * from t0 where k0 = 17
Found 1 tuple:
[17, 'tuple 17']
select * from t0 where k0 = 18
Found 1 tuple:
[18, 'tuple 18']
select * from t0 where k0 = 19
Found 1 tuple:
[19, 'tuple 19']
rollback servers configuration
reload configuration
---
ok
...
reload configuration
---
ok
...
test 1 iteration
insert into t0 values (20, 'tuple 20')
Insert OK, 1 row affected
insert into t0 values (21, 'tuple 21')
Insert OK, 1 row affected
insert into t0 values (22, 'tuple 22')
Insert OK, 1 row affected
insert into t0 values (23, 'tuple 23')
Insert OK, 1 row affected
insert into t0 values (24, 'tuple 24')
Insert OK, 1 row affected
insert into t0 values (25, 'tuple 25')
Insert OK, 1 row affected
insert into t0 values (26, 'tuple 26')
Insert OK, 1 row affected
insert into t0 values (27, 'tuple 27')
Insert OK, 1 row affected
insert into t0 values (28, 'tuple 28')
Insert OK, 1 row affected
insert into t0 values (29, 'tuple 29')
Insert OK, 1 row affected
select * from t0 where k0 = 20
Found 1 tuple:
[20, 'tuple 20']
select * from t0 where k0 = 21
Found 1 tuple:
[21, 'tuple 21']
select * from t0 where k0 = 22
Found 1 tuple:
[22, 'tuple 22']
select * from t0 where k0 = 23
Found 1 tuple:
[23, 'tuple 23']
select * from t0 where k0 = 24
Found 1 tuple:
[24, 'tuple 24']
select * from t0 where k0 = 25
Found 1 tuple:
[25, 'tuple 25']
select * from t0 where k0 = 26
Found 1 tuple:
[26, 'tuple 26']
select * from t0 where k0 = 27
Found 1 tuple:
[27, 'tuple 27']
select * from t0 where k0 = 28
Found 1 tuple:
[28, 'tuple 28']
select * from t0 where k0 = 29
Found 1 tuple:
[29, 'tuple 29']
swap servers
reload configuration
---
ok
...
reload configuration
---
ok
...
insert into t0 values (30, 'tuple 30')
Insert OK, 1 row affected
insert into t0 values (31, 'tuple 31')
Insert OK, 1 row affected
insert into t0 values (32, 'tuple 32')
Insert OK, 1 row affected
insert into t0 values (33, 'tuple 33')
Insert OK, 1 row affected
insert into t0 values (34, 'tuple 34')
Insert OK, 1 row affected
insert into t0 values (35, 'tuple 35')
Insert OK, 1 row affected
insert into t0 values (36, 'tuple 36')
Insert OK, 1 row affected
insert into t0 values (37, 'tuple 37')
Insert OK, 1 row affected
insert into t0 values (38, 'tuple 38')
Insert OK, 1 row affected
insert into t0 values (39, 'tuple 39')
Insert OK, 1 row affected
select * from t0 where k0 = 30
Found 1 tuple:
[30, 'tuple 30']
select * from t0 where k0 = 31
Found 1 tuple:
[31, 'tuple 31']
select * from t0 where k0 = 32
Found 1 tuple:
[32, 'tuple 32']
select * from t0 where k0 = 33
Found 1 tuple:
[33, 'tuple 33']
select * from t0 where k0 = 34
Found 1 tuple:
[34, 'tuple 34']
select * from t0 where k0 = 35
Found 1 tuple:
[35, 'tuple 35']
select * from t0 where k0 = 36
Found 1 tuple:
[36, 'tuple 36']
select * from t0 where k0 = 37
Found 1 tuple:
[37, 'tuple 37']
select * from t0 where k0 = 38
Found 1 tuple:
[38, 'tuple 38']
select * from t0 where k0 = 39
Found 1 tuple:
[39, 'tuple 39']
rollback servers configuration
reload configuration
---
ok
...
reload configuration
---
ok
...
test 2 iteration
insert into t0 values (40, 'tuple 40')
Insert OK, 1 row affected
insert into t0 values (41, 'tuple 41')
Insert OK, 1 row affected
insert into t0 values (42, 'tuple 42')
Insert OK, 1 row affected
insert into t0 values (43, 'tuple 43')
Insert OK, 1 row affected
insert into t0 values (44, 'tuple 44')
Insert OK, 1 row affected
insert into t0 values (45, 'tuple 45')
Insert OK, 1 row affected
insert into t0 values (46, 'tuple 46')
Insert OK, 1 row affected
insert into t0 values (47, 'tuple 47')
Insert OK, 1 row affected
insert into t0 values (48, 'tuple 48')
Insert OK, 1 row affected
insert into t0 values (49, 'tuple 49')
Insert OK, 1 row affected
select * from t0 where k0 = 40
Found 1 tuple:
[40, 'tuple 40']
select * from t0 where k0 = 41
Found 1 tuple:
[41, 'tuple 41']
select * from t0 where k0 = 42
Found 1 tuple:
[42, 'tuple 42']
select * from t0 where k0 = 43
Found 1 tuple:
[43, 'tuple 43']
select * from t0 where k0 = 44
Found 1 tuple:
[44, 'tuple 44']
select * from t0 where k0 = 45
Found 1 tuple:
[45, 'tuple 45']
select * from t0 where k0 = 46
Found 1 tuple:
[46, 'tuple 46']
select * from t0 where k0 = 47
Found 1 tuple:
[47, 'tuple 47']
select * from t0 where k0 = 48
Found 1 tuple:
[48, 'tuple 48']
select * from t0 where k0 = 49
Found 1 tuple:
[49, 'tuple 49']
swap servers
reload configuration
---
ok
...
reload configuration
---
ok
...
insert into t0 values (50, 'tuple 50')
Insert OK, 1 row affected
insert into t0 values (51, 'tuple 51')
Insert OK, 1 row affected
insert into t0 values (52, 'tuple 52')
Insert OK, 1 row affected
insert into t0 values (53, 'tuple 53')
Insert OK, 1 row affected
insert into t0 values (54, 'tuple 54')
Insert OK, 1 row affected
insert into t0 values (55, 'tuple 55')
Insert OK, 1 row affected
insert into t0 values (56, 'tuple 56')
Insert OK, 1 row affected
insert into t0 values (57, 'tuple 57')
Insert OK, 1 row affected
insert into t0 values (58, 'tuple 58')
Insert OK, 1 row affected
insert into t0 values (59, 'tuple 59')
Insert OK, 1 row affected
select * from t0 where k0 = 50
Found 1 tuple:
[50, 'tuple 50']
select * from t0 where k0 = 51
Found 1 tuple:
[51, 'tuple 51']
select * from t0 where k0 = 52
Found 1 tuple:
[52, 'tuple 52']
select * from t0 where k0 = 53
Found 1 tuple:
[53, 'tuple 53']
select * from t0 where k0 = 54
Found 1 tuple:
[54, 'tuple 54']
select * from t0 where k0 = 55
Found 1 tuple:
[55, 'tuple 55']
select * from t0 where k0 = 56
Found 1 tuple:
[56, 'tuple 56']
select * from t0 where k0 = 57
Found 1 tuple:
[57, 'tuple 57']
select * from t0 where k0 = 58
Found 1 tuple:
[58, 'tuple 58']
select * from t0 where k0 = 59
Found 1 tuple:
[59, 'tuple 59']
rollback servers configuration
reload configuration
---
ok
...
reload configuration
---
ok
...
test 3 iteration
insert into t0 values (60, 'tuple 60')
Insert OK, 1 row affected
insert into t0 values (61, 'tuple 61')
Insert OK, 1 row affected
insert into t0 values (62, 'tuple 62')
Insert OK, 1 row affected
insert into t0 values (63, 'tuple 63')
Insert OK, 1 row affected
insert into t0 values (64, 'tuple 64')
Insert OK, 1 row affected
insert into t0 values (65, 'tuple 65')
Insert OK, 1 row affected
insert into t0 values (66, 'tuple 66')
Insert OK, 1 row affected
insert into t0 values (67, 'tuple 67')
Insert OK, 1 row affected
insert into t0 values (68, 'tuple 68')
Insert OK, 1 row affected
insert into t0 values (69, 'tuple 69')
Insert OK, 1 row affected
select * from t0 where k0 = 60
Found 1 tuple:
[60, 'tuple 60']
select * from t0 where k0 = 61
Found 1 tuple:
[61, 'tuple 61']
select * from t0 where k0 = 62
Found 1 tuple:
[62, 'tuple 62']
select * from t0 where k0 = 63
Found 1 tuple:
[63, 'tuple 63']
select * from t0 where k0 = 64
Found 1 tuple:
[64, 'tuple 64']
select * from t0 where k0 = 65
Found 1 tuple:
[65, 'tuple 65']
select * from t0 where k0 = 66
Found 1 tuple:
[66, 'tuple 66']
select * from t0 where k0 = 67
Found 1 tuple:
[67, 'tuple 67']
select * from t0 where k0 = 68
Found 1 tuple:
[68, 'tuple 68']
select * from t0 where k0 = 69
Found 1 tuple:
[69, 'tuple 69']
swap servers
reload configuration
---
ok
...
reload configuration
---
ok
...
insert into t0 values (70, 'tuple 70')
Insert OK, 1 row affected
insert into t0 values (71, 'tuple 71')
Insert OK, 1 row affected
insert into t0 values (72, 'tuple 72')
Insert OK, 1 row affected
insert into t0 values (73, 'tuple 73')
Insert OK, 1 row affected
insert into t0 values (74, 'tuple 74')
Insert OK, 1 row affected
insert into t0 values (75, 'tuple 75')
Insert OK, 1 row affected
insert into t0 values (76, 'tuple 76')
Insert OK, 1 row affected
insert into t0 values (77, 'tuple 77')
Insert OK, 1 row affected
insert into t0 values (78, 'tuple 78')
Insert OK, 1 row affected
insert into t0 values (79, 'tuple 79')
Insert OK, 1 row affected
select * from t0 where k0 = 70
Found 1 tuple:
[70, 'tuple 70']
select * from t0 where k0 = 71
Found 1 tuple:
[71, 'tuple 71']
select * from t0 where k0 = 72
Found 1 tuple:
[72, 'tuple 72']
select * from t0 where k0 = 73
Found 1 tuple:
[73, 'tuple 73']
select * from t0 where k0 = 74
Found 1 tuple:
[74, 'tuple 74']
select * from t0 where k0 = 75
Found 1 tuple:
[75, 'tuple 75']
select * from t0 where k0 = 76
Found 1 tuple:
[76, 'tuple 76']
select * from t0 where k0 = 77
Found 1 tuple:
[77, 'tuple 77']
select * from t0 where k0 = 78
Found 1 tuple:
[78, 'tuple 78']
select * from t0 where k0 = 79
Found 1 tuple:
[79, 'tuple 79']
rollback servers configuration
reload configuration
---
ok
...
reload configuration
---
ok
...
test 4 iteration
insert into t0 values (80, 'tuple 80')
Insert OK, 1 row affected
insert into t0 values (81, 'tuple 81')
Insert OK, 1 row affected
insert into t0 values (82, 'tuple 82')
Insert OK, 1 row affected
insert into t0 values (83, 'tuple 83')
Insert OK, 1 row affected
insert into t0 values (84, 'tuple 84')
Insert OK, 1 row affected
insert into t0 values (85, 'tuple 85')
Insert OK, 1 row affected
insert into t0 values (86, 'tuple 86')
Insert OK, 1 row affected
insert into t0 values (87, 'tuple 87')
Insert OK, 1 row affected
insert into t0 values (88, 'tuple 88')
Insert OK, 1 row affected
insert into t0 values (89, 'tuple 89')
Insert OK, 1 row affected
select * from t0 where k0 = 80
Found 1 tuple:
[80, 'tuple 80']
select * from t0 where k0 = 81
Found 1 tuple:
[81, 'tuple 81']
select * from t0 where k0 = 82
Found 1 tuple:
[82, 'tuple 82']
select * from t0 where k0 = 83
Found 1 tuple:
[83, 'tuple 83']
select * from t0 where k0 = 84
Found 1 tuple:
[84, 'tuple 84']
select * from t0 where k0 = 85
Found 1 tuple:
[85, 'tuple 85']
select * from t0 where k0 = 86
Found 1 tuple:
[86, 'tuple 86']
select * from t0 where k0 = 87
Found 1 tuple:
[87, 'tuple 87']
select * from t0 where k0 = 88
Found 1 tuple:
[88, 'tuple 88']
select * from t0 where k0 = 89
Found 1 tuple:
[89, 'tuple 89']
swap servers
reload configuration
---
ok
...
reload configuration
---
ok
...
insert into t0 values (90, 'tuple 90')
Insert OK, 1 row affected
insert into t0 values (91, 'tuple 91')
Insert OK, 1 row affected
insert into t0 values (92, 'tuple 92')
Insert OK, 1 row affected
insert into t0 values (93, 'tuple 93')
Insert OK, 1 row affected
insert into t0 values (94, 'tuple 94')
Insert OK, 1 row affected
insert into t0 values (95, 'tuple 95')
Insert OK, 1 row affected
insert into t0 values (96, 'tuple 96')
Insert OK, 1 row affected
insert into t0 values (97, 'tuple 97')
Insert OK, 1 row affected
insert into t0 values (98, 'tuple 98')
Insert OK, 1 row affected
insert into t0 values (99, 'tuple 99')
Insert OK, 1 row affected
select * from t0 where k0 = 90
Found 1 tuple:
[90, 'tuple 90']
select * from t0 where k0 = 91
Found 1 tuple:
[91, 'tuple 91']
select * from t0 where k0 = 92
Found 1 tuple:
[92, 'tuple 92']
select * from t0 where k0 = 93
Found 1 tuple:
[93, 'tuple 93']
select * from t0 where k0 = 94
Found 1 tuple:
[94, 'tuple 94']
select * from t0 where k0 = 95
Found 1 tuple:
[95, 'tuple 95']
select * from t0 where k0 = 96
Found 1 tuple:
[96, 'tuple 96']
select * from t0 where k0 = 97
Found 1 tuple:
[97, 'tuple 97']
select * from t0 where k0 = 98
Found 1 tuple:
[98, 'tuple 98']
select * from t0 where k0 = 99
Found 1 tuple:
[99, 'tuple 99']
rollback servers configuration
reload configuration
---
ok
...
reload configuration
---
ok
...
test 5 iteration
insert into t0 values (100, 'tuple 100')
Insert OK, 1 row affected
insert into t0 values (101, 'tuple 101')
Insert OK, 1 row affected
insert into t0 values (102, 'tuple 102')
Insert OK, 1 row affected
insert into t0 values (103, 'tuple 103')
Insert OK, 1 row affected
insert into t0 values (104, 'tuple 104')
Insert OK, 1 row affected
insert into t0 values (105, 'tuple 105')
Insert OK, 1 row affected
insert into t0 values (106, 'tuple 106')
Insert OK, 1 row affected
insert into t0 values (107, 'tuple 107')
Insert OK, 1 row affected
insert into t0 values (108, 'tuple 108')
Insert OK, 1 row affected
insert into t0 values (109, 'tuple 109')
Insert OK, 1 row affected
select * from t0 where k0 = 100
Found 1 tuple:
[100, 'tuple 100']
select * from t0 where k0 = 101
Found 1 tuple:
[101, 'tuple 101']
select * from t0 where k0 = 102
Found 1 tuple:
[102, 'tuple 102']
select * from t0 where k0 = 103
Found 1 tuple:
[103, 'tuple 103']
select * from t0 where k0 = 104
Found 1 tuple:
[104, 'tuple 104']
select * from t0 where k0 = 105
Found 1 tuple:
[105, 'tuple 105']
select * from t0 where k0 = 106
Found 1 tuple:
[106, 'tuple 106']
select * from t0 where k0 = 107
Found 1 tuple:
[107, 'tuple 107']
select * from t0 where k0 = 108
Found 1 tuple:
[108, 'tuple 108']
select * from t0 where k0 = 109
Found 1 tuple:
[109, 'tuple 109']
swap servers
reload configuration
---
ok
...
reload configuration
---
ok
...
insert into t0 values (110, 'tuple 110')
Insert OK, 1 row affected
insert into t0 values (111, 'tuple 111')
Insert OK, 1 row affected
insert into t0 values (112, 'tuple 112')
Insert OK, 1 row affected
insert into t0 values (113, 'tuple 113')
Insert OK, 1 row affected
insert into t0 values (114, 'tuple 114')
Insert OK, 1 row affected
insert into t0 values (115, 'tuple 115')
Insert OK, 1 row affected
insert into t0 values (116, 'tuple 116')
Insert OK, 1 row affected
insert into t0 values (117, 'tuple 117')
Insert OK, 1 row affected
insert into t0 values (118, 'tuple 118')
Insert OK, 1 row affected
insert into t0 values (119, 'tuple 119')
Insert OK, 1 row affected
select * from t0 where k0 = 110
Found 1 tuple:
[110, 'tuple 110']
select * from t0 where k0 = 111
Found 1 tuple:
[111, 'tuple 111']
select * from t0 where k0 = 112
Found 1 tuple:
[112, 'tuple 112']
select * from t0 where k0 = 113
Found 1 tuple:
[113, 'tuple 113']
select * from t0 where k0 = 114
Found 1 tuple:
[114, 'tuple 114']
select * from t0 where k0 = 115
Found 1 tuple:
[115, 'tuple 115']
select * from t0 where k0 = 116
Found 1 tuple:
[116, 'tuple 116']
select * from t0 where k0 = 117
Found 1 tuple:
[117, 'tuple 117']
select * from t0 where k0 = 118
Found 1 tuple:
[118, 'tuple 118']
select * from t0 where k0 = 119
Found 1 tuple:
[119, 'tuple 119']
rollback servers configuration
reload configuration
---
ok
...
reload configuration
---
ok
...
test 6 iteration
insert into t0 values (120, 'tuple 120')
Insert OK, 1 row affected
insert into t0 values (121, 'tuple 121')
Insert OK, 1 row affected
insert into t0 values (122, 'tuple 122')
Insert OK, 1 row affected
insert into t0 values (123, 'tuple 123')
Insert OK, 1 row affected
insert into t0 values (124, 'tuple 124')
Insert OK, 1 row affected
insert into t0 values (125, 'tuple 125')
Insert OK, 1 row affected
insert into t0 values (126, 'tuple 126')
Insert OK, 1 row affected
insert into t0 values (127, 'tuple 127')
Insert OK, 1 row affected
insert into t0 values (128, 'tuple 128')
Insert OK, 1 row affected
insert into t0 values (129, 'tuple 129')
Insert OK, 1 row affected
select * from t0 where k0 = 120
Found 1 tuple:
[120, 'tuple 120']
select * from t0 where k0 = 121
Found 1 tuple:
[121, 'tuple 121']
select * from t0 where k0 = 122
Found 1 tuple:
[122, 'tuple 122']
select * from t0 where k0 = 123
Found 1 tuple:
[123, 'tuple 123']
select * from t0 where k0 = 124
Found 1 tuple:
[124, 'tuple 124']
select * from t0 where k0 = 125
Found 1 tuple:
[125, 'tuple 125']
select * from t0 where k0 = 126
Found 1 tuple:
[126, 'tuple 126']
select * from t0 where k0 = 127
Found 1 tuple:
[127, 'tuple 127']
select * from t0 where k0 = 128
Found 1 tuple:
[128, 'tuple 128']
select * from t0 where k0 = 129
Found 1 tuple:
[129, 'tuple 129']
swap servers
reload configuration
---
ok
...
reload configuration
---
ok
...
insert into t0 values (130, 'tuple 130')
Insert OK, 1 row affected
insert into t0 values (131, 'tuple 131')
Insert OK, 1 row affected
insert into t0 values (132, 'tuple 132')
Insert OK, 1 row affected
insert into t0 values (133, 'tuple 133')
Insert OK, 1 row affected
insert into t0 values (134, 'tuple 134')
Insert OK, 1 row affected
insert into t0 values (135, 'tuple 135')
Insert OK, 1 row affected
insert into t0 values (136, 'tuple 136')
Insert OK, 1 row affected
insert into t0 values (137, 'tuple 137')
Insert OK, 1 row affected
insert into t0 values (138, 'tuple 138')
Insert OK, 1 row affected
insert into t0 values (139, 'tuple 139')
Insert OK, 1 row affected
select * from t0 where k0 = 130
Found 1 tuple:
[130, 'tuple 130']
select * from t0 where k0 = 131
Found 1 tuple:
[131, 'tuple 131']
select * from t0 where k0 = 132
Found 1 tuple:
[132, 'tuple 132']
select * from t0 where k0 = 133
Found 1 tuple:
[133, 'tuple 133']
select * from t0 where k0 = 134
Found 1 tuple:
[134, 'tuple 134']
select * from t0 where k0 = 135
Found 1 tuple:
[135, 'tuple 135']
select * from t0 where k0 = 136
Found 1 tuple:
[136, 'tuple 136']
select * from t0 where k0 = 137
Found 1 tuple:
[137, 'tuple 137']
select * from t0 where k0 = 138
Found 1 tuple:
[138, 'tuple 138']
select * from t0 where k0 = 139
Found 1 tuple:
[139, 'tuple 139']
rollback servers configuration
reload configuration
---
ok
...
reload configuration
---
ok
...
test 7 iteration
insert into t0 values (140, 'tuple 140')
Insert OK, 1 row affected
insert into t0 values (141, 'tuple 141')
Insert OK, 1 row affected
insert into t0 values (142, 'tuple 142')
Insert OK, 1 row affected
insert into t0 values (143, 'tuple 143')
Insert OK, 1 row affected
insert into t0 values (144, 'tuple 144')
Insert OK, 1 row affected
insert into t0 values (145, 'tuple 145')
Insert OK, 1 row affected
insert into t0 values (146, 'tuple 146')
Insert OK, 1 row affected
insert into t0 values (147, 'tuple 147')
Insert OK, 1 row affected
insert into t0 values (148, 'tuple 148')
Insert OK, 1 row affected
insert into t0 values (149, 'tuple 149')
Insert OK, 1 row affected
select * from t0 where k0 = 140
Found 1 tuple:
[140, 'tuple 140']
select * from t0 where k0 = 141
Found 1 tuple:
[141, 'tuple 141']
select * from t0 where k0 = 142
Found 1 tuple:
[142, 'tuple 142']
select * from t0 where k0 = 143
Found 1 tuple:
[143, 'tuple 143']
select * from t0 where k0 = 144
Found 1 tuple:
[144, 'tuple 144']
select * from t0 where k0 = 145
Found 1 tuple:
[145, 'tuple 145']
select * from t0 where k0 = 146
Found 1 tuple:
[146, 'tuple 146']
select * from t0 where k0 = 147
Found 1 tuple:
[147, 'tuple 147']
select * from t0 where k0 = 148
Found 1 tuple:
[148, 'tuple 148']
select * from t0 where k0 = 149
Found 1 tuple:
[149, 'tuple 149']
swap servers
reload configuration
---
ok
...
reload configuration
---
ok
...
insert into t0 values (150, 'tuple 150')
Insert OK, 1 row affected
insert into t0 values (151, 'tuple 151')
Insert OK, 1 row affected
insert into t0 values (152, 'tuple 152')
Insert OK, 1 row affected
insert into t0 values (153, 'tuple 153')
Insert OK, 1 row affected
insert into t0 values (154, 'tuple 154')
Insert OK, 1 row affected
insert into t0 values (155, 'tuple 155')
Insert OK, 1 row affected
insert into t0 values (156, 'tuple 156')
Insert OK, 1 row affected
insert into t0 values (157, 'tuple 157')
Insert OK, 1 row affected
insert into t0 values (158, 'tuple 158')
Insert OK, 1 row affected
insert into t0 values (159, 'tuple 159')
Insert OK, 1 row affected
select * from t0 where k0 = 150
Found 1 tuple:
[150, 'tuple 150']
select * from t0 where k0 = 151
Found 1 tuple:
[151, 'tuple 151']
select * from t0 where k0 = 152
Found 1 tuple:
[152, 'tuple 152']
select * from t0 where k0 = 153
Found 1 tuple:
[153, 'tuple 153']
select * from t0 where k0 = 154
Found 1 tuple:
[154, 'tuple 154']
select * from t0 where k0 = 155
Found 1 tuple:
[155, 'tuple 155']
select * from t0 where k0 = 156
Found 1 tuple:
[156, 'tuple 156']
select * from t0 where k0 = 157
Found 1 tuple:
[157, 'tuple 157']
select * from t0 where k0 = 158
Found 1 tuple:
[158, 'tuple 158']
select * from t0 where k0 = 159
Found 1 tuple:
[159, 'tuple 159']
rollback servers configuration
reload configuration
---
ok
...
reload configuration
---
ok
...
test 8 iteration
insert into t0 values (160, 'tuple 160')
Insert OK, 1 row affected
insert into t0 values (161, 'tuple 161')
Insert OK, 1 row affected
insert into t0 values (162, 'tuple 162')
Insert OK, 1 row affected
insert into t0 values (163, 'tuple 163')
Insert OK, 1 row affected
insert into t0 values (164, 'tuple 164')
Insert OK, 1 row affected
insert into t0 values (165, 'tuple 165')
Insert OK, 1 row affected
insert into t0 values (166, 'tuple 166')
Insert OK, 1 row affected
insert into t0 values (167, 'tuple 167')
Insert OK, 1 row affected
insert into t0 values (168, 'tuple 168')
Insert OK, 1 row affected
insert into t0 values (169, 'tuple 169')
Insert OK, 1 row affected
select * from t0 where k0 = 160
Found 1 tuple:
[160, 'tuple 160']
select * from t0 where k0 = 161
Found 1 tuple:
[161, 'tuple 161']
select * from t0 where k0 = 162
Found 1 tuple:
[162, 'tuple 162']
select * from t0 where k0 = 163
Found 1 tuple:
[163, 'tuple 163']
select * from t0 where k0 = 164
Found 1 tuple:
[164, 'tuple 164']
select * from t0 where k0 = 165
Found 1 tuple:
[165, 'tuple 165']
select * from t0 where k0 = 166
Found 1 tuple:
[166, 'tuple 166']
select * from t0 where k0 = 167
Found 1 tuple:
[167, 'tuple 167']
select * from t0 where k0 = 168
Found 1 tuple:
[168, 'tuple 168']
select * from t0 where k0 = 169
Found 1 tuple:
[169, 'tuple 169']
swap servers
reload configuration
---
ok
...
reload configuration
---
ok
...
insert into t0 values (170, 'tuple 170')
Insert OK, 1 row affected
insert into t0 values (171, 'tuple 171')
Insert OK, 1 row affected
insert into t0 values (172, 'tuple 172')
Insert OK, 1 row affected
insert into t0 values (173, 'tuple 173')
Insert OK, 1 row affected
insert into t0 values (174, 'tuple 174')
Insert OK, 1 row affected
insert into t0 values (175, 'tuple 175')
Insert OK, 1 row affected
insert into t0 values (176, 'tuple 176')
Insert OK, 1 row affected
insert into t0 values (177, 'tuple 177')
Insert OK, 1 row affected
insert into t0 values (178, 'tuple 178')
Insert OK, 1 row affected
insert into t0 values (179, 'tuple 179')
Insert OK, 1 row affected
select * from t0 where k0 = 170
Found 1 tuple:
[170, 'tuple 170']
select * from t0 where k0 = 171
Found 1 tuple:
[171, 'tuple 171']
select * from t0 where k0 = 172
Found 1 tuple:
[172, 'tuple 172']
select * from t0 where k0 = 173
Found 1 tuple:
[173, 'tuple 173']
select * from t0 where k0 = 174
Found 1 tuple:
[174, 'tuple 174']
select * from t0 where k0 = 175
Found 1 tuple:
[175, 'tuple 175']
select * from t0 where k0 = 176
Found 1 tuple:
[176, 'tuple 176']
select * from t0 where k0 = 177
Found 1 tuple:
[177, 'tuple 177']
select * from t0 where k0 = 178
Found 1 tuple:
[178, 'tuple 178']
select * from t0 where k0 = 179
Found 1 tuple:
[179, 'tuple 179']
rollback servers configuration
reload configuration
---
ok
...
reload configuration
---
ok
...
test 9 iteration
insert into t0 values (180, 'tuple 180')
Insert OK, 1 row affected
insert into t0 values (181, 'tuple 181')
Insert OK, 1 row affected
insert into t0 values (182, 'tuple 182')
Insert OK, 1 row affected
insert into t0 values (183, 'tuple 183')
Insert OK, 1 row affected
insert into t0 values (184, 'tuple 184')
Insert OK, 1 row affected
insert into t0 values (185, 'tuple 185')
Insert OK, 1 row affected
insert into t0 values (186, 'tuple 186')
Insert OK, 1 row affected
insert into t0 values (187, 'tuple 187')
Insert OK, 1 row affected
insert into t0 values (188, 'tuple 188')
Insert OK, 1 row affected
insert into t0 values (189, 'tuple 189')
Insert OK, 1 row affected
select * from t0 where k0 = 180
Found 1 tuple:
[180, 'tuple 180']
select * from t0 where k0 = 181
Found 1 tuple:
[181, 'tuple 181']
select * from t0 where k0 = 182
Found 1 tuple:
[182, 'tuple 182']
select * from t0 where k0 = 183
Found 1 tuple:
[183, 'tuple 183']
select * from t0 where k0 = 184
Found 1 tuple:
[184, 'tuple 184']
select * from t0 where k0 = 185
Found 1 tuple:
[185, 'tuple 185']
select * from t0 where k0 = 186
Found 1 tuple:
[186, 'tuple 186']
select * from t0 where k0 = 187
Found 1 tuple:
[187, 'tuple 187']
select * from t0 where k0 = 188
Found 1 tuple:
[188, 'tuple 188']
select * from t0 where k0 = 189
Found 1 tuple:
[189, 'tuple 189']
swap servers
reload configuration
---
ok
...
reload configuration
---
ok
...
insert into t0 values (190, 'tuple 190')
Insert OK, 1 row affected
insert into t0 values (191, 'tuple 191')
Insert OK, 1 row affected
insert into t0 values (192, 'tuple 192')
Insert OK, 1 row affected
insert into t0 values (193, 'tuple 193')
Insert OK, 1 row affected
insert into t0 values (194, 'tuple 194')
Insert OK, 1 row affected
insert into t0 values (195, 'tuple 195')
Insert OK, 1 row affected
insert into t0 values (196, 'tuple 196')
Insert OK, 1 row affected
insert into t0 values (197, 'tuple 197')
Insert OK, 1 row affected
insert into t0 values (198, 'tuple 198')
Insert OK, 1 row affected
insert into t0 values (199, 'tuple 199')
Insert OK, 1 row affected
select * from t0 where k0 = 190
Found 1 tuple:
[190, 'tuple 190']
select * from t0 where k0 = 191
Found 1 tuple:
[191, 'tuple 191']
select * from t0 where k0 = 192
Found 1 tuple:
[192, 'tuple 192']
select * from t0 where k0 = 193
Found 1 tuple:
[193, 'tuple 193']
select * from t0 where k0 = 194
Found 1 tuple:
[194, 'tuple 194']
select * from t0 where k0 = 195
Found 1 tuple:
[195, 'tuple 195']
select * from t0 where k0 = 196
Found 1 tuple:
[196, 'tuple 196']
select * from t0 where k0 = 197
Found 1 tuple:
[197, 'tuple 197']
select * from t0 where k0 = 198
Found 1 tuple:
[198, 'tuple 198']
select * from t0 where k0 = 199
Found 1 tuple:
[199, 'tuple 199']
rollback servers configuration
reload configuration
---
ok
...
reload configuration
---
ok
...
